ich,i,ja
sie,she,ona
das,the,-
ist,is,jest
du,you,ty
nicht,not,nie
die,the,-
es,it,to
und,and,i
der,the,-
wir,we,my
was,what,co
zu,to,do
er,he,on
ein,a,-
in,in,w
ja,yes,tak
mir,to me,dla mnie
mit,with,z
wie,how,jak
den,the,-
mich,me,ja
auf,on,na
dass,that,to
aber,but,ale
eine,one,jeden
so,so,więc
hat,has,ma
hier,here,tutaj
haben,have,posiadać
für,for,do
sind,are,czy
war,was,był
von,from,z
wenn,if,jeśli
dich,you,ty
ihr,her,jej
nein,no,nie
habe,have,posiadać
an,at,na
bin,am,jestem
noch,still,nadal
nur,only,tylko
da,there,tam
dir,to you,tobie
sich,itself,samo
einen,a,-
uns,us,nas
hast,have,posiadać
dem,to the,do
kann,can,móc
gut,good,dobry
auch,also,również
schon,already,już
als,as,jak
sein,be,być
mal,just,tylko
jetzt,now,teraz
ihn,him,jego
dann,then,następnie
aus,out of,poza
meine,think,myśleć
um,around,wokół
im,in the,w
wird,becomes,staje się
mein,my,mój
bist,are you,czy jesteś
doch,but,ale
alles,everything,wszystko
weiß,white,biały
keine,no,nie
oder,or,lub
nach,after,po
nichts,nothing,nic
man,man,człowiek
muss,must,musieć
werden,become,stać się
will,want,chcieć
ihnen,them,ich
geht,goes,wchodzi
wo,where,gdzie
etwas,something,coś
mehr,more,więcej
bei,at,na
also,so,więc
bitte,please,proszę
immer,always,zawsze
hab,have,posiadać
warum,why,dlaczego
vor,before,zanim
los,come on,pospiesz się
können,can,móc
wieder,again,ponownie
sagen,say,mowić
machen,make,robić
danke,thanks,dzięki
sehr,very,bardzo
alle,all,wszystko
denn,then,następnie
mann,man,człowiek
tun,do,do
ihm,him,jego
zum,for the,dla
gehen,go,iść
sehen,see,widzieć
vielleicht,perhaps,być może
einem,a,a
wer,who,kto
ihre,her,jej
diese,this,ten
euch,you,ty
einer,one,jeden
komm,come,przychodzić
über,above,powyżej
gibt,gives,daje
wissen,knowledge,wiedza
deine,your,twój
müssen,must,musieć
soll,should,powinien
werde,become,stać się
nie,never,nigdy
wirklich,really,naprawdę
kein,no,nie
viel,much,dużo
weg,away,z dala
würde,would,zrobiłbym
tut,does,robi
am,at the,na
des,of,z
einfach,simply,po prostu
leben,life,życie
hatte,had,miał
zeit,time,czas
weil,because,ponieważ
willst,want,chcieć
kommen,come,przychodzić
dein,your,twój
heute,today,dzisiaj
kommt,comes,pochodzi
wollen,want,chcieć
damit,with it,z tym
ganz,quite,całkiem
wäre,were,był
wollte,wanted,poszukiwany
weißt,white,biały
sicher,secure,bezpieczne
gesagt,said,powiedział
frau,woman,kobieta
nun,so,więc
bis,until,dopóki
wurde,became,stał się
leid,sorrow,smutek
kannst,can,móc
macht,might,móc
dieser,this,ten
zurück,return,powrót
lassen,permit,zezwolenie
hallo,hello,cześć
meinen,think,myśleć
gott,god,bóg
seine,his,jego
hätte,had,miał
zwei,two,dwa
könnte,could,mógł
genau,exactly,dokładnie
waren,were,był
zur,to the,do
lass,let,pozwalać
klar,clear,jasne
morgen,morning,poranek
leute,people,ludzie
vater,father,ojciec
schön,nice,ładny
glaube,believe,uważać
ab,away,z dala
gerade,straight,prosty
tag,day,dzień
gesehen,seen,widziany
reden,talk,rozmawiać
wohl,probably,prawdopodobnie
liebe,love,miłość
sollte,should,powinien
sagte,said,powiedział
unsere,our,nasz
jemand,someone,ktoś
geld,money,pieniądze
durch,through,poprzez
ob,if,jeśli
keinen,no,nie
mutter,mother,matka
raus,out,na zewnątrz
gemacht,made,zrobiony
paar,pair,para
mach,make,robić
passiert,happens,dzieje się
dachte,thought,myśl
besser,better,lepsza
musst,must,musieć
wieso,how come,dlaczego
sir,sir,pan
dieses,this,ten
selbst,self,samego siebie
gehört,heard,usłyszał
möchte,would like,chciałby
ohne,without,bez
hör,listening,słuchający
her,from,z
sag,say,mowić
meiner,mine,kopalnia
anderen,others,inni
helfen,help,pomoc
nacht,night,noc
finden,find,znajdować
diesen,this,ten
gute,good,dobry
wirst,become,stać się
lange,longing,tęsknota
natürlich,naturally,naturalnie
meinem,my,mój
gar,even,nawet
ins,into the,do
sei,may be,może
dort,there,tam
weiter,further,dalej
geben,give,dawać
seit,since,od
gleich,even,nawet
sagt,says,mówi
recht,right,prawidłowy
ihren,your,twój
richtig,correct,prawidłowy
ordnung,order,zamówienie
vom,from the,z
hören,hear,słyszeć
sieht,sees,widzi
davon,of that,tego
dafür,for this,dla tego
geh,walk,chodzić
diesem,this,ten
wegen,because of,z powodu
hause,home,dom
sollten,should,powinien
mädchen,girl,dziewczyna
hin,there,tam
sollen,should,powinien
abend,evening,wieczór
haus,a house,dom
denke,think,myśleć
viele,many,wiele
drei,three,trzy
deinen,yours,twój
freund,friend,przyjaciel
guten,good,dobry
unser,our,nasz
warte,wait,czekać
machst,do,do
menschen,people,ludzie
essen,eat,jeść
angst,fear,strach
bleiben,remain,pozostać
zusammen,together,razem
welt,world,świat
unter,under,pod
habt,have,posiadać
schnell,fast,szybko
andere,other,inny
tot,dead,martwy
getan,did,zrobił
darf,may,móc
erst,first,pierwszy
rein,pure,czysty
stimmt,is correct,jest poprawne
nehmen,take,brać
kinder,children,dzieci
eines,one,jeden
glauben,believe,uważać
bringen,bring,przynieść
ganze,entire,cały
genug,enough,wystarczająco
scheiße,fuck,pierdolić
brauchen,need,potrzebować
gegen,against,przeciwko
moment,moment,za chwilę
junge,young,młody
steht,stands,stoi
sonst,otherwise,w przeciwnym razie
musik,music,muzyka
arbeit,work,praca
seid,are,czy
ihrer,of their,z ich
fragen,questions,pytania
herr,mr,pan
dabei,included,dołączony
heißt,is called,jest nazywany
familie,family,rodzina
warten,wait,czekać
niemand,no one,nikt
sofort,immediately,natychmiast
bevor,before,zanim
jahre,years,lata
einmal,once,raz
problem,problem,problem
sohn,son,syn
wann,when,gdy
brauche,need,potrzebować
fertig,complete,kompletny
halt,just,tylko
allein,alone,sam
beim,at the,na
sprechen,speak,mówić
beide,both,zarówno
gefunden,found,znaleziony
hatten,had,miał
sache,matter,materiał
hilfe,help,pomoc
verdammt,damned,cholernie
jeder,everyone,wszyscy
warst,beings,istoty
gern,gladly,ochoczo
konnte,could,mógł
darüber,about it,o tym
halten,hold,trzymać
siehst,see,widzieć
verstehe,understand,zrozumieć
jahren,years,lata
kam,came,wszedł
kind,child,dziecko
wusste,knew,wiedziałem
wahr,true,prawda
seinen,his,jego
dazu,in addition,ponadto
bruder,brother,brat
daran,to it,do tego
ihrem,hers,jej
denken,think,myśleć
könnten,might,móc
dank,thanks to,dzięki
würden,would,zrobiłbym
lieber,dear,droga
fall,case,sprawa
deiner,yours,twój
sehe,see,widzieć
egal,doesn't matter,nie ma znaczenia
kennen,know,wiedzieć
deinem,yours,twój
vergessen,forget,zapominać
frage,ask,zapytać
mache,make,robić
komme,come,przychodzić
sage,legend,legenda
mag,like,tak jak
sieh,see,widzieć
echt,really,naprawdę
gib,give,dawać
eigentlich,actually,właściwie
jeden,every,każdy
dad,dad,tata
gab,gave,dał
uhr,clock,zegar
stadt,city,miasto
männer,men,mężczyźni
baby,infant,dziecko
fahren,drive,prowadzić
namen,names,nazwy
bekommen,receive,odbierać
kopf,head,głowa
hi,hi,cześć
gehe,go,iść
kleine,small,mały
später,later,później
glück,happiness,szczęście
letzte,last,ostatni
freunde,friends,przyjaciele
all,alles,allles
darauf,on it,na tym
ende,end,koniec
bald,soon,wkrótce
töten,kill,zabić
dinge,things,rzeczy
meinst,mean,mieć na myśli
toll,great,świetnie
eins,one,jeden
minuten,minute,minuta
vielen,many,wiele
bereit,ready,gotowy
weit,far,daleko
ahnung,idea,pomysł
seiner,his,jego
bisschen,a little,trochę
tür,door,drzwi
auto,automobile,samochód
jungs,guys,chłopaki
eure,your,twój
augen,eyes,oczy
polizei,police,policja
stehen,stand,podstawka
sterben,die,umierać
hätten,have,posiadać
draußen,outside,poza
kenne,know,wiedzieć
fast,nearly,prawie
runter,down,w dół
vorbei,over,nad
treffen,meet,poznać
gerne,gladly,ochoczo
dran,your turn,twoja kolej
wurden,became,stał się
arbeiten,work,praca
mom,mom,mama
verrückt,crazy,zwariowany
neue,new,nowy
ging,went,wszedł
hinter,behind,za
sorgen,care for,opiekować się
einzige,only,tylko
jemanden,someone,ktoś
darum,therefore,w związku z tym
tochter,daughter,córka
braucht,needs,wymagania
idee,idea,pomysł
schwester,sister,siostra
drin,in it,w tym
ruhig,quiet,cichy
sah,saw,piła
ganzen,entire,cały
spät,late,późno
ziemlich,quite,całkiem
solltest,should,powinien
name,surname,nazwisko
sogar,even,nawet
kurz,short,krótki
kerl,guy,facet
frauen,women,kobiety
liegt,lies,kłamstwa
suchen,seek,szukać
finde,find,znajdować
je,ever,kiedykolwiek
woher,from where,skąd
lang,long,długi
job,job,stanowisko
keiner,none,nic
seinem,his,jego
hört,hear,słyszeć
verstehen,understand,zrozumieć
spielen,play,grać
überhaupt,at all,w ogóle
teufel,devil,diabeł
verstanden,understood,zrozumiany
verloren,lost,zaginiony
große,size,rozmiar
hand,hand,ręka
grund,ground,grunt
jahr,year,rok
kommst,come,przychodzić
mama,mummy,mumia
ruhe,quiet,cichy
gewesen,been,został
tod,death,śmierć
stunden,hours,godziny
hoffe,hope,mieć nadzieję
denkst,thinking,myślący
oben,above,powyżej
gestern,yesterday,wczoraj
versuchen,attempt,próba
art,kind,uprzejmy
letzten,last,ostatni
schatz,treasure,skarb
endlich,finally,wreszcie
he,hey,hej
nimm,take,brać
etwa,approximately,około
erzählt,told,powiedział
läuft,runs,bierze
schwer,difficult,trudny
anders,different,różny
miss,miss,chybić
musste,had to,musiałem
fünf,five,pięć
wasser,water,woda
lässt,leaves,liście
erste,first,pierwszy
versucht,tried,wypróbowany
gekommen,came,wszedł
geschichte,story,fabuła
wenig,few,kilka
holen,fetch,aportować
bedeutet,means,oznacza
nett,kind,uprzejmy
wahrheit,truth,prawda
woche,week,tydzień
bringt,brings,przynosi
deshalb,for this reason,z tego powodu
welche,which,który
bestimmt,certainly,z pewnością
hoch,high,wysoki
alter,age,wiek
sagst,say,mowić
schau,look,patrzeć
land,country,kraj
zimmer,room,pokój
wagen,car ,samochód
vier,four,cztery
gefallen,please,proszę
spaß,fun,zabawa
niemals,never,nigdy
schuld,fault,wada
getötet,killed,zabity
wollten,wanted to,chciał
verlassen,leave,zostawić
zeigen,show,pokazywać
beste,best,to co najlepsze
ernst,serious,poważny
unserer,ours,nasz
denen,whom,kogo
ort,location,lokalizacja
bleibt,remains,pozostaje
würdest,would,zrobiłbym
manchmal,sometimes,czasami
glaubst,believe,uważać
seite,page,strona
lasst,leaves,liście
zwischen,between,między
eben,even,nawet
während,while,chwila
spiel,game,gra
nehme,take,brać
ersten,first,pierwszy
guter,goods,dobra
chance,chance,szansa
freundin,girlfriend,dziewczyna
krieg,war,wojna
gefällt,pleases,przyjemne
kleinen,small,mały
erzählen,tell,powiedzieć
anderes,other,inny
tage,days,dni
entschuldigen,excuse,wymówka
wichtig,important,ważny
gehst,walking,pieszy
allen,all,wszystko
bett,bed,łóżko
sachen,things,rzeczy
schlecht,bad,zły
schule,school,szkoła
entschuldigung,excuse,wymówka
wort,word,słowo
john,john,jan
hättest,would have,miałby
wären,be,być
typ,type,typ
schlafen,sleep,spać
euer,your,twój
captain,captain,kapitan
gesicht,face,twarz
falls,if,jeśli
neuen,new,nowy
bloß,just,tylko
unten,below,poniżej
teil,part,część
beiden,both,zarówno
mensch,person,osoba
kleiner,smaller,mniejszy
stellen,place,miejsce
oft,often,często
sorge,worries,zmartwienia
gedacht,thought,myśl
tust,tust,tust
trinken,drink,drink
einige,some,niektóre
dies,this,ten
ding,thing,rzecz
unseren,ours,nasz
kriegen,get,dostawać
blut,blood,krew
ehrlich,honest,uczciwy
eltern,parents,rodzice
scheint,appears,pojawia się
herz,heart,serce
glücklich,happy,szczęśliwy
alte,old,stary
alt,old,stary
bleib,stay,zostawać
wiedersehen,reunite,ponownie połączyć
frei,free,bezpłatny
wen,whom,kogo
drauf,on it,na tym
möglich,possible,możliwy
irgendwie,somehow,jakoś
reicht,suffices,wystarczy
fest,firmly,mocno
besten,best,to co najlepsze
waffe,weapon,broń
kaum,barely,ledwie
irgendwas,anything,wszystko
klingt,sounds,dźwięki
platz,place,miejsce
brauchst,needs,wymagania
rede,speech,przemówienie
papa,father,ojciec
falsch,incorrect,błędny
sondern,rather,raczej
alten,old,stary
nummer,number,numer
früher,earlier,wcześniej
jungen,boys,chłopcy
wohin,to where,dokąd
außer,except,z wyjątkiem
früh,early,wczesny
setzen,set,ustawić
zuerst,first,pierwszy
wahrscheinlich,probably,prawdopodobnie
dürfen,may,móc
jede,every,każdy
arsch,ass,tyłek
telefon,phone,telefon
tue,do,do
kennst,know,wiedzieć
willkommen,welcome,witamy
plan,plan,plan
großen,huge,ogromny
retten,rescue,ratunek
hierher,here,tutaj
wär,would be,byłoby
bring,bring,przynieść
fehler,mistake,błąd
wollt,want,chcieć
dollar,dollar,dolar
zehn,ten,dziesięć
allem,all,wszystko
pass,passport,paszport
nächste,next,następny
stunde,hour,godzina
hände,hands,ręce
gegeben,given,dany
menge,crowd,tłum
langsam,slow,powolny
bereits,already,już
wartet,waiting,czekanie
sechs,six,sześć
lieben,love,miłość
meines,mine,kopalnia
büro,office,biuro
nächsten,next,następny
gebe,gift,prezent
wochen,weeks,tygodnie
ruf,call,dzwonić
schaffen,create,tworzyć
leider,unfortunately,niestety
scheiß,shit,gówno
hölle,hell,piekło
trotzdem,despite it,mimo to
doktor,doctor,lekarz
new,new,nowy
voll,full,pełny
film,movie,film
überall,overall,ogólnie
hund,dog,pies
geworden,become,stać się
direkt,direct,bezpośredni
wolltest,wanted,poszukiwany
tat,did,zrobił
denkt,thinks,myśli
schiff,ship,statek
neues,new,nowy
wem,whom,kogo
könig,king,król
danach,thereafter,odtąd
funktioniert,functions,funkcje
hattest,hate,nienawidzić
lernen,learn,uczyć się
deswegen,because of this,z tego powodu
nennen,to name,nazwać
feuer,fire,ogień
laufen,run,uruchomić
alleine,alone,sam
erinnern,remember,pamiętać
völlig,fully,w pełni
kleines,small,mały
könnt,can,móc
stelle,job,stanowisko
kumpel,dude,gość
verlieren,lose,stracić
probleme,problems,problemy
spricht,speaks,mówi
kaffee,coffee,kawa
luft,air,powietrze
fand,found,znaleziony
entschuldige,excuse,wymówka
ziehen,pull,ciągnąć
verschwinden,disappear,zniknąć
könntest,might,móc
seht,look,patrzeć
aufhören,stop,zatrzymywać się
eigenen,own,własny
richtige,right one,prawy
unserem,ours,nasz
suche,seek,szukać
zwar,that is,to jest
groß,large,duży
hol,brow,brew
buch,a book,książka
krank,sick,chory
fühle,feel,czuć
jedes,every,każdy
verstehst,understand,zrozumieć
wert,value,wartość
arzt,physician,lekarz
froh,joyful,radosny
versuche,try,próbować
straße,street,ulica
rufen,call,dzwonić
heiraten,marry,ożenić
super,excellent,doskonały
sam,sam,sam
lebt,lives,zyje
gutes,good,dobry
lasse,let,pozwalać
onkel,uncle,wujek
total,total,całkowity
gebracht,brought,przyniósł
party,party,impreza
erklären,explain,wyjaśnić
spielt,plays,gra
wahl,choice,wybór
vertrauen,trust,zaufanie
damals,at that time,w tym czasie
tagen,days,dni
leicht,light,światło
nachdem,after,po
gegangen,went,wszedł
gefühl,feeling,uczucie
kaufen,buy,kupić
geschafft,done,zrobione
typen,guy,facet
interessiert,interested,zainteresowany
möchten,would like,chciałby
halte,hold,trzymać
hält,holds,trzyma
glaub,belief,wiara
irgendwo,somewhere,gdzieś
stück,piece,sztuka
genauso,just as,tak jak
kennt,knows,wie
genommen,taken,zajęty
zukunft,future,przyszły
weniger,fewer,mniej
cool,cool,fajny
licht,light,światło
getroffen,met,spotkał
himmel,heaven,niebo
nachricht,news,aktualności
drüben,over there,tam
passt,fits,pasuje
sagten,said,powiedział
kümmern,take care of,opiekować się
laut,loud,głośny
vergiss,forgetful,zapominalski
angerufen,called,zwany
sitzen,sit,siedzieć
daß,that,to
erde,earth,ziemia
großer,greater,większy
schlüssel,key,klucz
rest,rest,odpoczynek
passieren,happen,zdarzyć
eher,rather,raczej
gefragt,asked,spytał
gefängnis,jail,więzienie
opfer,victim,ofiara
körper,body,ciało
solche,such,taki
mist,damn,cholera
findet,find,znajdować
schreiben,write,pisać
böse,mean,mieć na myśli
gesprochen,spoken,mówiony
versuch,attempt,próba
vorstellen,introduce,wprowadzić
wovon,about what,o czym
sobald,as soon,tak szybko
nochmal,once again,jeszcze raz
herren,men's,męskie
waffen,weapons,bronie
wohnung,apartment,apartament
weh,sore,obolały
heißen,be called,zostać wezwanym
krankenhaus,hospital,szpital
bringe,bring,przynieść
höre,listen,słuchać
millionen,millions,miliony
klasse,class,klasa
hart,hard,twardy
worden,gone,stracony
sinn,sense,sens
außerdem,aside from that,poza tym
verletzt,injured,ranny
ändern,change,zmiana
erfahren,experience,doświadczenie
tragen,carry,nosić
wenigstens,at least,co najmniej
vorsichtig,cautious,ostrożny
daddy,daddy,tatuś
stolz,proud,dumny
stark,strong,mocny
fällt,fall,jesień
möchtest,want,chcieć
leuten,people,ludzie
besonders,particularly,w szczególności
schöne,lovely,śliczny
schicken,send,wysłać
person,person,osoba
schätze,appreciate,doceniać
solange,as long as,dopóki
länger,longer,dłużej
großartig,great,świetnie
lacht,laughs,śmiech
anrufen,call up,mobilizować
stand,was standing,stał
redest,speech,przemówienie
fühlen,feel,czuć
erwartet,expected,oczekiwany
boden,floor,podłoga
boss,boss,szef
stimme,voice,głos
glaubt,believes,wierzy
still,quiet,cichy
sicherheit,security,bezpieczeństwo
setz,setting,ustawienie
mund,mouth,usta
kämpfen,battle,bitwa
wisst,know,wiedzieć
lachen,laugh,śmiech
hörst,hear,słyszeć
zeug,things,rzeczy
lustig,fun,zabawa
umbringen,kill,zabić
sollst,thorough,dokładny
hasse,hate,nienawidzić
schlimm,terrible,straszny
unglaublich,unbelievable,nie do wiary
wärst,be,być
laden,load,obciążenie
führen,to lead,prowadzić
gestorben,died,zmarł
schauen,look,patrzeć
meinung,opinion,opinia
lesen,read,czytać
mörder,murderer,morderca
geschehen,happen,zdarzyć
geschäft,business,biznes
idiot,idiot,idiota
verzeihung,forgiveness,przebaczenie
fliegen,fly,latać
zeig,show,pokazywać
team,team,zespół
general,general,ogólny
aufs,onto,na
vorher,beforehand,uprzednio
schluss,ending,kończący się
schneller,more quickly,szybciej
liebt,loved,kochany
verdient,earned,zarobiony
mögen,like,tak jak
meisten,most,bardzo
denk,think,myśleć
umgebracht,killed,zabity
perfekt,perfect,doskonały
versprochen,promised,obiecane
handy,mobile,mobilny
hinten,rear,tył
monate,months,miesiące
erinnere,remind,przypomnieć
acht,eight,osiem
arbeitet,is working,działa
fallen,fall,jesień
rufe,calls,połączenia
nötig,necessary,niezbędny
mord,murder,morderstwo
heraus,out of here,stąd
tages,day,dzień
unmöglich,impossible,niemożliwe
liebling,darling,kochanie
tatsächlich,actually,właściwie
folgen,consequences,konsekwencje
bitten,request,wniosek
behalten,keep,trzymać
nähe,vicinity,sąsiedztwo
arbeite,work,praca
verdammte,damn,cholera
plötzlich,suddenly,nagle
lebens,life,życie
hole,hole,otwór
tisch,table,tabela
hörte,heard,usłyszał
jemals,ever,kiedykolwiek
liegen,lay,położyć
verkaufen,sell,sprzedać
gefährlich,dangerous,niebezpieczny
anfangen,begin,zaczynać
bekommt,receives,odbiera
machte,made,zrobiony
hotel,hotel,hotel
hilft,helps,pomaga
werdet,become,stać się
meister,master,gospodarz
kampf,battle,bitwa
antwort,answer,odpowiedź
konnten,could,mógł
geschickt,sent,wysłano
jedem,each,każdy
obwohl,although,chociaż
sieben,seven,siedem
komisch,funny,śmieszny
gewinnen,win,wygrać
ihres,hers,jej
bezahlt,paid,płatny
voller,full of,pełen
unterwegs,traveling,podróżny
dumm,dumb,głupi
ärger,aggravation,pogorszenie
bild,picture,zdjęcie
neu,new,nowy
bezahlen,pay,płacić
dagegen,against it,przeciwko temu
seien,be,być
starb,died,zmarł
monaten,months,miesiące
leiche,corpse,zwłoki
niemanden,nobody,nikt
auge,eye,oko
arschloch,asshole,dupek
verheiratet,married,żonaty
peter,peter,piotr
zieh,pull,ciągnąć
nimmt,takes,trwa
gerettet,rescued,uratowany
agent,agent,agent
traum,dream,marzenie
entscheidung,decision,decyzja
schlimmer,worse,gorzej
regeln,rules,zasady
fenster,window,okno
fangen,catch,złapać
fort,on,na
ständig,constant,stały
findest,find,znajdować
gefahr,danger,niebezpieczeństwo
absolut,absolutely,absolutnie
augenblick,moment,za chwilę
bescheid,notice,ogłoszenie
rum,rum,rum
gedanken,thoughts,myśli
werd,werry,werry
ziel,goal,bramka
benutzt,used,używany
bewegung,movement,ruch
jemandem,someone,ktoś
wünschte,wish,życzenie
worte,words,słowa
kamen,came,wszedł
welcher,which,który
zahlen,pay,płacić
anfang,beginning,początek
legen,place,miejsce
erinnerst,reminded,przypomniane
anwalt,attorney,adwokat
fahr,driving,napędowy
sitzt,sitting,posiedzenie
hilf,help,pomoc
offen,open,otwarty
schönen,beautiful,piękny
müsste,should,powinien
arme,poor,słaby
bier,beer,piwo
fürs,for,do
partner,partner,partner
klein,small,mały
klappe,flap,klapka
süß,sweet,słodki
herum,hereabouts,w pobliżu
finger,finger,palec
ehe,before,zanim
rolle,role,rola
ließ,left,lewy
gleiche,same,to samo
monat,month,miesiąc
hochzeit,marriage,małżeństwo
führt,leads,wskazówki
wach,awake,obudzony
wozu,for what reason,z jakiego powodu
arm,poor,słaby
geschrieben,written,pisemny
chef,boss,szef
benutzen,use,używać
informationen,information,informacja
erledigt,completed,zakończony
hoffentlich,hopefully,miejmy nadzieję
müsst,must,musieć
fühlt,feels,odczucia
tanzen,dance,taniec
ansehen,view,pogląd
darfst,may,móc
zuhause,at home,w domu
wunderbar,wonderful,wspaniały
hältst,hold,trzymać
reise,trip,wycieczka
gewonnen,won,wygrał
dame,lady,dama
irgendwann,sometime,czasami
steckt,plugged,zatkany
jedenfalls,in any case,w każdym przypadku
schreit,cries,płacz
tolle,great,świetnie
rüber,over,nad
tschüss,bye,do widzenia
nennt,names,nazwy
raum,space,przestrzeń
heiß,hot,gorący
foto,photo,zdjęcie
kalt,cold,zimno
irgendetwas,anything,wszystko
weile,while,chwila
bisher,until now,do teraz
minute,minute,minuta
unbedingt,absolutely,absolutnie
zug,train,pociąg
sekunden,seconds,sekundy
wofür,for what,po co
erzähl,tell,powiedzieć
nen,nen,nen
beweise,proofs,dowody
nahm,took,wziął
aller,all,wszystko
freut,is happy,jest szczęśliwy
seele,soul,dusza
schießen,shoot,strzelać
müde,tired,zmęczony
dauert,lasts,trwa
magst,like,tak jak
brief,letter,list
gelernt,learned,nauczyli
sucht,seeks,szuka
bekannt,known,znany
weitere,further,dalej
unfall,accident,wypadek
dahin,then,następnie
kontrolle,control,kontrola
beispiel,example,przykład
lady,lady,dama
dasselbe,the same thing,to samo
herzen,heart,serce
schlagen,hit,uderzyć
wütend,furious,wściekły
weise,way,sposób
damen,ladies,damski
darin,in this,w tym
gottes,god,bóg
holt,get,dostawać
fehlt,is missing,brakuje
vorsicht,caution,ostrożność
heiße,name is,nazwa to
beweisen,prove,udowodnić
gehabt,had,miał
zumindest,at least,co najmniej
vermisst,missing,zaginiony
hübsch,pretty,ładny
kriegt,gets,dostaje
verbindung,connection,połączenie
tief,deep,głęboko
richtung,direction,kierunek
lage,location,lokalizacja
sowieso,anyway,w każdym razie
kraft,power,moc
normal,normal,normalna
lauf,run,uruchomić
ehre,honor,honor
stell,stall,stoisko
geschenk,gift,prezent
bar,bar,bar
tasche,bag,torba
gelesen,had read,przeczytał
gekauft,bought,kupił
wussten,knew,wiedziałem
gestohlen,stolen,skradziony
hunger,hunger,głód
leg,leg,noga
lügen,lie,kłamstwo
beziehung,relationship,relacja
verschwunden,disappeared,zniknął
steh,standing,na stojąco
nächstes,next,następny
gearbeitet,worked,pracował
preis,price,cena
witz,joke,żart
meinte,meant,oznaczał
liste,list,lista
geist,spirit,duch
neben,next to,obok
gesucht,sought,poszukiwany
firma,company,firma
süße,sweetness,słodycz
rücken,move,przenosić
schrecklich,terrible,straszny
letzter,last,ostatni
verliebt,in love,zakochany
öffnen,open,otwarty
redet,talking,rozmawiając
boot,boat,łódź
seltsam,strange,dziwny
versteckt,hidden,ukryty
fürchte,fear,strach
verschwinde,disappear,zniknąć
erwischt,caught,złapany
verkauft,sold,sprzedany
tante,aunt,ciotka
erwarten,expect,oczekiwać
pferd,horse,koń
wunder,wonder,zastanawiać się
sauer,sour,kwaśny
vermutlich,allegedly,rzekomo
näher,closer,bliższy
major,major,główny
jung,young,młody
majestät,majesty,majestat
aussehen,look,patrzeć
ans,ans,ans
links,left,lewy
großes,big,duży
welches,which,który
beschützen,to protect,chronić
geboren,born,urodzić się
erreichen,to reach,osiągnąć
punkt,point,punkt
kindern,children,dzieci
kirche,church,kościół
verraten,reveal,ujawnić
selber,himself,samego siebie
befehl,command,komenda
colonel,colonel,pułkownik
fährt,moves,ruchy
zieht,pull,ciągnąć
geburtstag,birthday,urodziny
haut,skin,skóra
wette,bet,zakład
reich,rich,bogaty
sekunde,second,drugi
fahre,drive,prowadzić
schwöre,swear,przeklinać
geredet,talked out,rozmawiał
james,james,james
eigene,own,własny
zeiten,times,czasy
traurig,sad,smutny
anruf,phone call,połączenie telefoniczne
nachrichten,news,aktualności
frieden,peace,pokój
karte,map,mapa
güte,quality,jakość
euren,yours,twój
diesmal,this time,tym razem
schade,pity,szkoda
persönlich,personal,osobisty
kriege,wars,wojny
stirbt,dies,umiera
bleibe,stay,zostawać
verändert,changes,zmiany
sonne,sun,słońce
lieb,dear,drogi
nämlich,namely,mianowicie
letztes,last,ostatni
bekam,got,dostał
ruft,calls,połączenia
professor,professor,profesor
gericht,court,sąd
nase,nose,nos
ewig,eternal,wieczny
singen,to sing,śpiewać
bank,bank,bank
beschäftigt,occupied,zajęty
computer,computer,komputer
yeah,yeah,tak
toten,kill,zabić
weihnachten,christmas,boże narodzenie
offensichtlich,apparently,najwyraźniej
naja,oh well,no cóż
gefühle,feelings,uczucia
fuß,foot,stopa
show,show,pokazywać
überraschung,surprise,niespodzianka
geheimnis,secret,sekret
kontakt,contact,kontakt
gold,gold,złoto
drogen,drugs,narkotyki
regierung,government,rząd
wein,wine,wino
kriegst,get,dostawać
ermordet,murdered,zamordowany
fotos,photos,zdjęcia
entfernt,removed,removed
geschlafen,slept,spał
manche,some,niektóre
erledigen,complete,kompletny
ran,ran,biegł
gegenüber,across from,naprzeciw
schlaf,sleep,spać
lust,desire,pragnienie
wunderschön,beautiful,piękny
witzig,funny,śmieszny
nick,nick,nacięcie
zerstört,destroyed,zniszczony
übrigens,by the way,przy okazji
willen,sake,powód
heim,home,dom
richtigen,right,prawidłowy
deines,yours,twój
namens,called,zwany
zeigt,shows,przedstawia
geliebt,loved,kochany
gehören,belong,przynależeć
brachte,brought,przyniósł
herrn,mr,pan
blick,view,pogląd
besuch,visit,odwiedzać
schlechte,bad,zły
bewegen,move,przenosić
haare,hair,włosy
antworten,answer,odpowiedź
präsident,president,prezydent
sagtest,says,mówi
hoffnung,hope,mieć nadzieję
stecken,put,umieścić
lebe,live,na żywo
rechts,to the right,w prawo
interessant,interesting,ciekawy
entscheiden,decide,decydować
miteinander,commonality,wspólność
meint,means,oznacza
liebst,loving,kochający
indem,in which,w którym
bleibst,stay,zostawać
kümmere,care,opieka
wohnen,reside,zamieszkać
weder,neither,żaden
möglichkeit,possibility,możliwość
kaputt,broken,złamany
bekomme,get,dostawać
flugzeug,airplane,samolot
vergangenheit,past,przeszłość
anderer,another,inny
zweite,second,drugi
armee,army,armia
tee,tea,herbata
entweder,either,albo
weiss,white,biały
detective,detective,detektyw
aufhalten,stop,zatrzymywać się
stellt,places,miejsca
verspreche,promise,obietnica
überrascht,surprised,zaskoczony
sauber,clean,czysty
hau,hood,kaptur
mark,mark,ocena
schlag,punch,dziurkacz
sheriff,sheriff,szeryf
untertitel,subtitle,podtytuł
setzt,puts,pass
frag,question,pytanie
vaters,father,ojciec
nervös,nervous,nerwowy
gesellschaft,company,firma
verstecken,hide,ukrywać
schuldig,guilty,winny
hals,neck,szyja
schützen,protection,ochrona
besuchen,visit,odwiedzać
passen,fit,pasować
überleben,survive,przetrwać
erhalten,receive,odbierać
teilen,split,podział
gebäude,building,budynek
schicksal,fate,los
zeichen,sign,podpisać
richter,judge,sędzia
besorgt,concerned,zainteresowany
küche,kitchen,kuchnia
lief,ran,biegł
vergnügen,enjoyment,przyjemność
wüsste,desire,pragnienie
volk,people,ludzie
herausfinden,find out,dowiadywać się
königin,queen,królowa
soldaten,soldiers,żołnierski
feiern,celebrate,świętować
situation,situation,sytuacja
gelassen,calmly,spokojnie
allerdings,however,jednakże
soweit,so far,dotychczas
gefahren,driven,napędzany
verstand,understanding,zrozumienie
bord,board,tablica
schönes,nice,ładny
angefangen,begun,zaczął
fühlst,feel,czuć
mussten,had to,musiałem
rat,advice,rada
worauf,whereupon,po czym
gebeten,requested,wymagany
kamera,camera,kamera
achtung,danger,niebezpieczeństwo
lieutenant,lieutenant,porucznik
ganzes,whole,cały
schuhe,shoes,buty
glückwunsch,congratulations,gratulacje
niemandem,no one,nikt
gibst,give,dawać
statt,instead of,zamiast
übernehmen,take over,przejąć
gegend,area,obszar
wald,forest,las
nimmst,take,brać
erkennen,recognize,rozpoznać
glas,glass,szkło
falsche,false,fałsz
verantwortlich,responsible,odpowiedzialny
stöhnt,groaned,jęknął
herein,in,w
kleid,a dress,sukienka
zerstören,destroy,zniszczyć
jawohl,yes indeed,w rzeczy samej
gegessen,eaten,zjedzony
abendessen,dinner,kolacja
gesetz,law,prawo
gemeinsam,together,razem
geholfen,helpful,pomocny
erster,first,pierwszy
wohnt,lives,zyje
schritt,step,krok
guck,look,patrzeć
nahe,vicinity,sąsiedztwo
aussieht,looks,wygląd
beginnen,begin,zaczynać
dachten,thought,myśl
band,tape,taśma
ungefähr,approximately,około
aufgabe,task,zadanie
neun,nine,dziewięć
furchtbar,terrible,straszny
drinnen,inside,wewnątrz
zuvor,before,zanim
freue,am happy,jestem szczęśliwy
übrig,left over,pozostawione
spur,track,ścieżka
falschen,false,fałsz
sergeant,sergeant,sierżant
melden,report,raport
helfe,help,pomoc
werfen,throw,rzucić
haltet,hold,trzymać
erinnert,remind,przypomnieć
hängt,hangs,wisi
freude,joy,radość
ehemann,husband,mąż
erschossen,shot,strzał
verzeihen,pardon,pardon
schwein,pig,świnia
entschieden,decided,zdecydowany
verdammten,damn,cholera
brauch,custom,zwyczaj
gewusst,knew,wiedziałem
vorne,in front,z przodu
stopp,stop,zatrzymywać się
übel,bad,zły
schlampe,slut,chlapa
schöner,more beautiful,piękniejsza
adresse,address,adres
unsinn,nonsense,nonsens
messer,knife,nóż
gesund,healthy,zdrowy
respekt,respect,szacunek
pro,per,za
leisten,afford,pozwalać
davor,before,zanim
bedeuten,mean,mieć na myśli
ball,ball,piłka
mitnehmen,take along,wziąć ze sobą
gespielt,played,grał
schwierigkeiten,difficulties,trudności
hälfte,half,połowa
kannte,knew,wiedziałem
stehe,standing,na stojąco
planeten,planet,planeta
schwanger,pregnant,w ciąży
gruppe,group,grupa
verhaftet,arrested,aresztowany
seines,his,jego
irgendwelche,any,każdy
händen,hands,ręce
versteht,understands,rozumie
drehen,turn,zakręt
eis,ice,lód
danken,to thank,podziękować
erfolg,success,powodzenie
zufrieden,satisfied,zadowolona
schließen,close,zamknąć
besorgen,obtain,uzyskać
wochenende,weekend,weekend
worüber,about what,o czym
stimmen,voices,głosy
nehmt,take,brać
witze,jokes,żarty
beine,legs,nogi
verbrechen,crime,przestępczość
bericht,report,raport
nachts,at night,w nocy
eurer,your,twój
prinzessin,princess,księżniczka
schmerz,pain,ból
klingelt,rings,pierścienie
position,position,pozycja
echte,real,prawdziwy
gleichen,resemble,przypominać
fernsehen,tv,telewizja
wünsche,wishes,życzenia
schließlich,finally,wreszcie
gefangen,caught,złapany
schätzchen,baby,dziecko
seh,see,widzieć
schwierig,difficult,trudny
angebot,offer,oferta
nah,close,zamknąć
gewartet,waited,czekałem
kümmert,takes care,opiekować się
ring,ring,pierścień
rennen,run,uruchomić
lied,song,piosenka
eier,egg,jajko
welchen,which,który
sorry,sorry,przepraszam
fantastisch,fantastic,fantastyczny
schaut,looks,wygląd
hielt,held,trzymany
falle,cases,sprawy
drink,drink,drink
insel,island,wyspa
dauern,last,ostatni
daher,therefore,w związku z tym
zufällig,coincidentally,przypadkowo
dorf,village,wieś
bewegt,emotional,emocjonalny
mitten,in the middle,pośrodku
bullen,cops,gliny
feind,enemy,wróg
einverstanden,agreed,zgoda
neuer,news,aktualności
bauen,build,zbudować
trägt,carries,przewozi
hängen,hang,powiesić
freunden,friends,przyjaciele
deren,whose,którego
halb,half,połowa
verpasst,lost,zaginiony
sprach,speech,przemówienie
leise,quiet,cichy
armen,arm,ramię
wusstest,chewing test,test do żucia
fanden,found,znaleziony
unternehmen,company,firma
träume,dreams,sny
schläft,is sleeping,śpi
kostet,costs,koszty
spiele,gaming,hazard
unseres,ours,nasz
entlang,along,przed siebie
versprechen,promise,obietnica
tiere,animals,zwierząt
freiheit,freedom,wolność
verdienen,earn,zarabiać
unterhalten,converse,rozmawiać
eingeladen,invited,zaproszony
schaden,damage,szkoda
genannt,called,zwany
beenden,end,koniec
geändert,changed,zmienione
lächerlich,ridiculous,śmieszny
geschlagen,beaten,bity
park,park,park
schätzen,treasure,skarb
männern,male,mężczyzna
beginnt,begins,zaczyna się
ehren,to honor,do uhonorowania
größte,greatest,największy
energie,energy,energia
fleisch,meat,mięso
besonderes,special,specjalny
besteht,consists,składa się
reichen,are sufficient,są wystarczające
zeitung,newspaper,gazeta
worum,what,co
nachgedacht,thoughtful,przemyślany
betrunken,drunk,pijany
sowas,like this,lubię to
patienten,patient,pacjent
gespräch,conversation,rozmowa
leiden,suffer,cierpieć
tötet,killed,zabity
see,lake,jezioro
unterschied,difference,różnica
wind,wind,wiatr
singt,sings,śpiewa
schreien,scream,krzyk
sahen,saw,piła
wand,wall,ściana
bus,bus,autobus
angriff,attack,atak
verhalten,behave,zachowywać się
loch,hole,otwór
interesse,interest,odsetki
treten,step,krok
quatsch,nonsense,nonsens
trifft,meets,spotyka się
polizist,police officer,policjant
blumen,flower,kwiat
neuigkeiten,news,aktualności
bringst,brings,przynosi
flasche,bottle,butelka
rief,called,zwany
schuss,shot,strzał
fassen,grasp,chwyt
meer,sea,morze
konntest,can,móc
schafft,creates,tworzy
maschine,machine,maszyna
spreche,speak,mówić
bein,leg,noga
bekommst,get,dostawać
verbringen,spend,wydawać
bücher,books,książki
blöd,silly,głupi
frühstück,breakfast,śniadanie
bilder,pictures,kino
aufpassen,watch after,obserwuj
dessen,whose,którego
muß,must,musieć
freuen,be happy,bądź szczęśliwy
engel,angel,anioł
offenbar,apparently,najwyraźniej
gelegenheit,opportunity,możliwość
fang,catch,złapać
lüge,lie,kłamstwo
ohren,ears,uszy
angetan,impressed,pod wrażeniem
beeil,hurry,spieszyć się
brechen,break,przerwa
brüder,brothers,bracia
zeitpunkt,time,czas
keinem,none,nic
ecke,corner,narożnik
brücke,bridge,most
druck,print,wydrukować
mitgebracht,brought,przyniósł
seufzt,sigh,westchnienie
date,date,data
haufen,heap,sterta
oma,granny,babunia
auftrag,order,zamówienie
leer,empty,pusty
entkommen,escape,ucieczka
weißen,white,biały
lösung,solution,rozwiązanie
wart,wart,brodawka
pause,break,przerwa
irre,crazy,zwariowany
gestellt,placed,umieszczony
keller,basement,piwnica
gebrochen,broken,złamany
weinen,cry,płakać
nutzen,to use,używać
wünschen,wish,życzenie
fragt,asks,pyta
maul,mouth,usta
verantwortung,responsibility,odpowiedzialność
schloss,lock,zamek
hut,cap,czapka
lächeln,smile,uśmiech
red,red,czerwony
grad,degree,stopień
zweiten,second,drugi
hinaus,out of,poza
mitkommen,come along,zbliżać się
vorhin,beforehand,uprzednio
fahrt,drive,prowadzić
gemeint,meant,oznaczał
ernsthaft,seriously,poważnie
gebaut,built -up,zbudować
bombe,bomb,bomba
hasst,hate,nienawidzić
versteh,understand,zrozumieć
kosten,costs,koszty
zeige,show,pokazywać
traf,met,spotkał
eigenes,own,własny
haar,hair,włosy
fragte,asked,spytał
operation,surgery,chirurgia
befehle,commands,polecenia
schmerzen,pains,trud
erklärt,explained,wyjaśnione
dach,roof,dach
folge,consequence,konsekwencja
gelaufen,ran,biegł
schwarze,black,czarny
dankbar,thankful,wdzięczny
gehirn,brain,mózg
töte,killing,zabicie
mädels,girls,dziewczyny
mut,courage,odwaga
heilige,holy,święty
tier,animal,zwierzę
mannes,man,człowiek
wahnsinn,craziness,szaleństwo
nee,no,nie
geschlossen,closed,zamknięte
hintern,butt,krupon
thema,theme,temat
fiel,fell,ściąć
gehalten,held,trzymany
dorthin,there,tam
urlaub,vacation,wakacje
steig,climb,wspinać się
vorwärts,forward,do przodu
überprüfen,check over,sprawdź
besseres,better,lepsza
beweis,proof,dowód
baum,tree,drzewo
gebt,giving,dający
funktionieren,function,funkcjonować
anscheinend,apparently,najwyraźniej
lehrer,teacher,nauczyciel
hoffen,hope,mieć nadzieję
bessere,better,lepsza
isst,eats,jedzenie
nachmittag,afternoon,popołudnie
risiko,risk,ryzyko
chuck,chuck,cmokanie
knast,jail,więzienie
entschuldigt,sorry,przepraszam
gilt,is applicable,ma zastosowanie
held,hero,bohater
daraus,from this,od tego
erstes,first,pierwszy
fräulein,young lady,panienka
prima,fine,cienki
brauchte,needed,potrzebne
gewalt,force,siła
liebes,dear,droga
schaffst,manage,zarządzać
nachdenken,ponder,rozważać
tor,goal,bramka
erfahrung,experience,doświadczenie
pläne,plans,plany
jagen,to hunt,polować
katze,cat,kot
runde,round,okrągły
schwanz,tail,ogon
taten,act,działać
dringend,urgent,pilny
großvater,grandfather,dziadek
sommer,summer,lato
gezeigt,shown,pokazane
hinterlassen,leave behind,zapomnieć
gewissen,conscience,sumienie
getrunken,drunk,pijany
wahre,real,prawdziwy
luke,hatch,właz
kunden,customers,klienci
zeugen,witness,świadek
geplant,planned,zaplanowany
erreicht,reached,osiągnięty
stören,disturb,przeszkadzać
stein,stone,kamień
atmen,breathe,oddychać
hose,trousers,spodnie
weiße,white,biały
sprichst,speak,mówić
größer,greater,większy
schickt,sends,wysyła
prinz,prince,książę
behandelt,treated,leczony
tote,dead,martwy
überlegen,consider,rozważać
karten,cards,karty
restaurant,restaurant,restauracja
welchem,which,który
natur,nature,natura
carter,carter,furman
mami,mommy,mamusia
verschwindet,disappears,znika
lautet,is the case,tak jest
streit,dispute,spór
küssen,kiss,pocałunek
sprich,speaking,mówienie
längst,a long time ago,dawno temu
fängt,catches,połów
drüber,over it,ponad tym
gingen,went,wszedł
erlaubt,permitted,dozwolony
einzigen,single,pojedynczy
bad,bath,wanna
schmeckt,tastes,smak
kugel,bullet,pocisk
normalerweise,normally,normalnie
schwarzen,black,czarny
rauf,up,w górę
flug,flight,lot
beruhigen,calm,spokój
halbe,half,połowa
geschieht,happens,dzieje się
einiges,some,niektóre
entdeckt,discovered,odkryty
morgens,in the morning,rankiem
schlechter,worse,gorzej
vollkommen,completely,całkowicie
gelogen,lied,skłamał
verfolgt,tracked,śledzone
college,college,szkoła wyższa
weiteren,further,dalej
schwert,sword,miecz
hunde,dogs,psy
steigen,climb,wspinać się
verdammter,damn,cholera
dürfte,should,powinien
riecht,smells,zapach
labor,laboratory,laboratorium
mindestens,at least,co najmniej
fisch,fish,ryba
eurem,of your,twojego
füße,feet,stopy
stehst,stand,podstawka
erschießen,shoot,strzelać
kuchen,cake,ciasto
versuchte,tried,wypróbowany
zustand,condition,stan
wunsch,wish,życzenie
gäste,guests,goście
erwähnt,mentioned,wspomniany
farbe,color,kolor
van,van,awangarda
einigen,agree,zgadzać się
zufall,coincidence,zbieg okoliczności
garten,garden,ogród
junger,younger,młodszy
autos,cars,samochody
abgesehen,beyond,poza
vertraut,trusted,zaufane
koffer,suitcase,walizka
hieß,was called,został wezwany
kurs,course,kurs
wirkt,acts,dzieje
idioten,idiot,idiota
netter,nicer,ładniejszy
seitdem,since,od
angegriffen,attacked,zaatakowany
geschichten,stories,historie
wahnsinnig,insane,obłąkany
ähnlich,similar,podobny
aufgeben,give up,poddać się
entführt,kidnapped,porwany
mistkerl,riots,zamieszki
solchen,such,taki
geschossen,shot,strzał
lager,camp,obóz
besprechen,discuss,omówić
reihe,row,wiersz
polizisten,police officers,policjanci
vogel,bird,ptak
legt,places,miejsca
strand,beach,plaża
amerikaner,american,amerykański
schwarz,black,czarny
fern,remote,zdalny
fick,fuck,pierdolić
scherz,hoax,żart
erzählte,told,powiedział
wichser,wanker,wanker
langweilig,boring,nudny
womit,by which,przez co
geschäfte,businesses,biznes
kapiert,got it,rozumiem
nachher,afterward,potem
verlangt,required,wymagany
schlägt,beats,beats
überzeugt,convinced,przekonany
irgendjemand,someone,ktoś
rot,red,czerwony
soldat,soldier,żołnierz
vorbereitet,prepared,przygotowany
geschah,happened,stało się
reisen,travel,podróż
termin,meeting,spotkanie
gang,corridor,korytarz
stehlen,steal,ukraść
rechte,right,prawidłowy
rache,revenge,zemsta
bemerkt,noticed,zauważony
frankreich,france,francja
stört,disturbs,zakłócają
radio,radio,radio
beruhige,calm down,uspokoić się
pferde,horses,konie
vertrag,contract,kontrakt
arbeitest,worker,pracownik
dienst,service,praca
zählt,counts,liczy
fragst,asking,pytając
wesen,beings,istoty
bürgermeister,mayor,burmistrz
fluss,flow,przepływ
woran,what,co
geblieben,remained,pozostał
durcheinander,mixed up,pomieszane
nette,nice,ładny
test,test,test
dadurch,through this,przez to
direktor,director,dyrektor
wichtiger,more important,ważniejsze
karriere,career,kariera
akte,file,plik
erinnerung,memory,pamięć
großmutter,grandmother,babcia
erzähle,tell,powiedzieć
lösen,solve,rozwiązywać
griff,handle,uchwyt
verfolgen,pursue,realizować
zweifel,doubt,wątpliwość
such,search,szukaj
sprache,language,język
nerven,annoy,denerwować
langer,longer,dłużej
ziehe,pull,ciągnąć
entlassen,fire,ogień
zweimal,twice,dwa razy
abholen,pick up,ulec poprawie
kollegen,colleagues,współpracownicy
fass,barrel,beczka
szene,scene,scena
scheinen,seem,wydaje się
bösen,nourish,karmić
schaffe,creative,twórczy
pflicht,duty,obowiązek
wache,guard,strażnik
neulich,recently,ostatnio
beeilen,hurry,spieszyć się
knie,knee,kolano
lauter,volume up,większość objętości
spannende,exciting,ekscytujący
unschuldig,innocent,niewinny
folgt,follows,następuje
schutz,protection,ochrona
weshalb,for what reason,z jakiego powodu
geheiratet,got married,ożenić się
woanders,somewhere else,gdzieś indziej
wurdest,was established,został założony
kuss,kiss,pocałunek
verhindern,impede,utrudniać
erklärung,explanation,wyjaśnienie
klug,smart,mądry
kräfte,forces,siły
verlangen,demand,popyt
außerhalb,outside of,na zewnątrz
opa,grandpa,dziadek
selbstverständlich,of course,oczywiście
aufstehen,stand up,wstań
hassen,to hate,nienawidzić
pete,pet,zwierzak domowy
gebrauchen,use,używać
geglaubt,believed,wierzył
milch,milk,mleko
trink,drink,drink
gefeuert,fired,zwolniony
erinnerungen,memories,wspomnienia
müssten,would have to,musiał by
suchst,look for,szukać
fährst,ferry,prom
kochen,cook,kucharz
schwach,weak,słaby
schreibt,writes,pisze
schulden,debts,długi
hinein,in,w
grenze,border,granica
braut,bride,panna młoda
gebraucht,needed,potrzebne
peinlich,awkward,niezręczny
klappt,works,pracuje
geheimnisse,secrecy,tajność
aufmerksamkeit,attention,uwaga
form,shape,kształt
umsonst,for free,za darmo
kennenzulernen,get to know,dowiedzieć się
überlebt,survived,przeżył
nirgendwo,nowhere,nigdzie
meilen,miles,mil
einfacher,easier,łatwiej
blöde,stupid,głupi
mond,moon,księżyc
ergibt,results in,prowadzi do
daten,data,dane
merken,notice,ogłoszenie
schande,shame,wstyd
fühlte,felt,filc
sieg,victory,zwycięstwo
satt,fed up,rozdrażniony
blödsinn,nonsense,nonsens
lisa,lisa,lisa
pfund,pound,funt
handeln,act,działać
lois,loan,pożyczka
enden,end up,skończyć
warm,warm,ciepły
raten,advise,radzić
übersetzung,translation,tłumaczenie
kunst,art,sztuka
kapitän,captain,kapitan
desto,the more,więcej
einsatz,mission,misja
schweigen,be silent,być cicho
krankheit,illness,choroba
toller,great,świetnie
schatten,the shade,cień
wachen,wake up,budzić się
tatsache,fact,fakt
stock,floor,podłoga
chief,chief,szef
hingehen,go there,idź tam
verboten,forbidden,zabroniony
gäbe,gave,dał
anzug,men's suit,garnitur męski
leichen,corpses,zwłoki
high,high,wysoki
beendet,completed,zakończony
freitag,friday,piątek
million,million,milion
verflucht,cursed,przeklęty
dunkel,dark,ciemny
geb,born,urodzić się
enttäuscht,disappointed,zawiedziony
klopfen,beat,pokonać
spuren,sense,sens
dreck,dirt,brud
seiten,pages,strony
mühe,effort,wysiłek
gezogen,pulled,pociągnięty
kontrollieren,check,sprawdzać
knochen,bone,kość
schick,chic,szyk
getrennt,separated,rozdzielony
grab,dig,kopać
ebenso,as well,również
trage,sluggish,powolny
nachbarn,neighbors,sąsiedzi
bieten,offer,oferta
bestes,best,to co najlepsze
fuhr,drove,stado
verlässt,leaves,liście
freundlich,friendly,przyjazny
dennoch,nonetheless,niemniej jednak
rauchen,smoking,palenie
dick,thick,gruby
stuhl,chair,krzesło
dreh,rotation,obrót
bester,best,to co najlepsze
schicke,chic,szyk
vergeben,forgive,wybacz
ausgehen,go out,wychodzić
behandeln,treat,traktować
trotz,despite,pomimo
gast,guest,gość
ändert,changes,zmiany
passierte,passed,przeszedł
toilette,toilet,toaleta
annehmen,assume,przypuszczać
herzlichen,cordial,serdeczny
hexe,witch,czarownica
erwachsen,adult,dorosły
pistole,gun,pistolet
dreht,turns,zakręty
aussage,expression,wyrażenie
liebte,loved,kochany
street,street,ulica
genießen,enjoy,cieszyć się
eifersüchtig,jealous,zazdrosny
derjenige,the one,jeden
teuer,expensive,drogi
zähne,teeth,zęby
beobachtet,observed,zauważony
gentlemen,gentlemen,panowie
wählen,choose,wybierać
helft,help,pomoc
fliegt,flies,muchy
theater,theatre,teatr
regen,rain,deszcz